title,ratings,price
Boldfit Eye Mask for Sleeping with Adjustable Strap Super Soft Sleeping Mask Blind Fold for Comfortable Sleep Travelling Sleep Mask Pad for Girls Sleeping Eye Mask Blind Folds for Sleeping - Black,4.2 out of 5 stars,₹149.00
"Ross 100% Mulberry Silk Sleep Mask Eye Mask, Super Smooth for Blind Fold (Black)",4.2 out of 5 stars,₹246.00
"3M 1110 Ear Plugs Corded, Extra Soft, Reusable Earbuds Noise Cancellation, Soundproof Earplug Use For Underwater, Meditation, Study, Flight Travel,Sleeping  Sound Block Up To 29 Decibel (Pack of 10)",3.8 out of 5 stars,₹190.00
"Mamaearth Natural Breathe Easy Vapour Roll-on for Cold & Nasal Congestion, with Wintergreen & Eucalyptus Oil, 40 ML",4.3 out of 5 stars,₹185.00
QSHIXLE Snore Free Nose Clip | Unisex Stop Snoring Anti Snore Free Sleep Silicone Magnetic Nose Clip | Nose Clip | Anti Snoring device Set Of 1 (NOSE CLIIP) (nose clip pack of 1),4.9 out of 5 stars,₹299.00
"3M AREX061 1110 Corded Foam Disposable Ear Plugs, Pack of 5",3.7 out of 5 stars,₹71.00
"3M 1110 Ear Plugs Corded, Extra Soft, Reusable Earbuds Noise Cancellation, Soundproof Earplug Use For Underwater, Meditation, Study, Flight Travel, Sleeping, Sound Block Up To 29 Decibel (Pack of 3)",3.6 out of 5 stars,₹51.00
"TOWINO® Eye Mask Belt for Sleep Eye Mask Super Soft & Smooth And Fully Adjustable To All Size Heads - Super Soft & Comfortable for Women and Men, Blindfold for Travelling, Night Sleeping,Nap Suitable for All Family Members (Grey) Made In India",4.2 out of 5 stars,₹239.00
Samadhaan Eye Mask for Sleeping with Adjustable Velcro 3D Contour Sleeping Mask for Men Women Sleep Mask Blind Fold Eye Cover Pad for Travel Total Blackout Sleeping Eye Mask Blindfold for Sleeping,4.0 out of 5 stars,₹279.00
URBANMAC Ear Plugs Soft Silica Gel Noise Reduction for Sleeping/Meditation/Swimming Adult/Child/Reusable for Travel - 5 Pairs - Random Color,3.9 out of 5 stars,₹187.00
"Friends of Meditation ® 100% Mulberry Silk, Super Smooth Sleep Mask And Blind Fold (Black)",4.1 out of 5 stars,₹332.00
Futurekart Ear Plugs Softa Gel Noise Reduction for Sleping/Medittion/Swiing Adult Child/Reusable for Travel - 5 Pairs - Random Color,3.7 out of 5 stars,₹176.00
DALUCI 1 Pair Hot Waterproof Swimming Professional Silicone Swim Earplugs for Adult Swimmers Children Diving Soft Ultra Comfy Ear Plug - Prevent Swimmer's Ear -Blue,3.4 out of 5 stars,₹149.00
"QIQI Cooling Gel Relaxing Eye Sleep Mask for Dark Circles, Dry Eyes, Cooling Eyes, Pain Relief, Redness, Eye Patches, Sleeping Cool Pad Suitable for All Family Members Sleeping Mask",4.2 out of 5 stars,₹199.00
Honeywell 304L CORDED EARPLUG,3.7 out of 5 stars,₹14.40
"AUGEN Ear Plugs for Sleeping, Noise Canceling, Reusable Silicone Earplugs for Hearing Protection, Waterproof EarPlugs Suitable for Sleeping Swimming Studying Traveling Concerts Airplanes (Green, 2)",3.5 out of 5 stars,₹299.00
New Anti Snoring Chin Strap Snore Adjustable Snore Reduction Belt Sleep Aids Chin Strips for Men Women (Pack Of 1),5.0 out of 5 stars,₹284.00
COZY nose Snoring Relief Nasal Strips Your Nose Instantly | Nose Strips for Snoring | Anti Snoring Device for Men & Women | Relieves Nasal | Better Breath & Improves Sleep | Pack of 10 Strips,3.0 out of 5 stars,₹365.00
"VALKYRIE Sleep Eye Mask, 3D Contoured 100% Blackout Eye Mask, Sleep Mask with Adjustable Strap, Soft and Comfortable Night Blindfold for Women Men, Eye Mask for Sleeping, Shift Work, Travel, Black",3.9 out of 5 stars,₹159.00
Fabbarries Unisex Stop Snoring Anti Snore Free Sleep Silicone Magnetic Nose Clip | Anti Snoring Device For Men and Women Soft Silicon Nose Clip |Nose Clip | Snoring Stopper,3.1 out of 5 stars,₹82.00
"Kalpdev Soft Silicone Noise Reduction Ear Plugs for Sleeping, Meditation, Swimming. Reusable Earmuffs for Travel and Flight (Pack of 5 Pairs)",3.8 out of 5 stars,₹190.00
Boldfit Silk Eye Mask For Sleeping With Adjustable Strap Premium Silk Sleeping Mask Blind Fold For Smooth&Comfortable Sleep Travelling Sleep Mask Pad Sleeping Eye Mask Blind Folds For-Black Pack Of 2,4.3 out of 5 stars,₹249.00
"BTH Company Adjustable Sleeping Eye Mask - Super Soft & Smooth - Cyan - Ideal for Women, Men, Old Ages, and Kids - The Comfortable Blindfold for a Restful Sleep",4.3 out of 5 stars,₹288.00
"Mack's Ear Care Ultra Soft Foam Earplugs, 50 Pair",4.3 out of 5 stars,"₹1,619.00"
"MINISO Lovely Soft Eye Masks with for Travelling Sleep,Comfortable For Proper Sleep(Pink)",4.2 out of 5 stars,₹165.00
"Misamo Enterprise Eye Mask for Men Women with Adjustable Strap & Blindfold with Elastic Strap/Headband, Soft Eye Cover Eyeshade for Night Sleeping, Travel, Nap (Aqua Blue)",3.9 out of 5 stars,₹189.00
"3M 1270 Ear Plug Corded, Extra Soft, Reusable Earbuds Noise Cancellation, Soundproof Earplug Use For Underwater, Meditation, Study, Flight Travel, Sleeping, Sound Block Up To 24 Decibel (Pack of 5)",3.7 out of 5 stars,₹230.00
"VENUS N-303, ISI approved Washable/Reusable Noise reduction Earplugs Pack 10, NRR 27 db protection, Use for Yoga, Airplane travelling, City travel, Meditation etc. (Orange)",3.6 out of 5 stars,₹265.00
"Amazon Brand - Solimo Sleep Mask, With Eye Cushion, Ultra Smooth, Adjustable Strap, Total Blockout (Blue, Pack Of 2)",4.1 out of 5 stars,₹218.42
"Loop Experience Ear Plugs for Concerts – High Fidelity Hearing Protection for Noise Reduction, Motorcycles, Work & Noise Sensitivity – 8 Ear Tips in XS, S, M, L – 18dB Noise Cancelling - Black",4.4 out of 5 stars,"₹2,399.00"
Shoppax 100% Super Soft Cotton Eye Mask Sleep Mask Super Smooth Sleep Mask and Blind Fold (Black),4.0 out of 5 stars,₹109.00
Nose Vent Sinus Relief Dilator (Pack of 8 Various Sizes) - A Simple Solution for Nasal Snorers - Reusable Snoring Device to enjoy a peaceful night's sleep - by Mobi Lock,3.4 out of 5 stars,₹399.00
"3M 1100 Ear Plug Corded, Extra Soft, Reusable Earbuds Noise Cancellation, Soundproof Earplug Use For Underwater, Meditation, Study, Flight Travel, Sleeping, Sound Block Up To 29 Decibel (Pack of 20)",4.3 out of 5 stars,₹278.00
"SONEEV MART (PACK OF 2 PIECE) Printed Eye Mask For Sleeping Men Women With Cooling Gel For Night Deep Sleep, Dark Circles, Puffy Eye's, Dry Eyes (white and blue)",4.1 out of 5 stars,₹299.00
"Anti-Snoring Mouth Tape (Pack of 150) - Sleep Strips for Reducing Mouth Breathing & Snoring Prevention with Strong Adhesive - All Night Wear, Skin-Safe Taping - by Mobi Lock",4.0 out of 5 stars,₹299.00
"Breathe Right Nasal Strips, Large",3.7 out of 5 stars,"₹1,479.00"
Skylofts Multicolour Unicorn Eye Mask Sleep Masks for Girls Blindfold for Women Eye Masks for Sleeping (Multicolor),4.2 out of 5 stars,₹249.00
"Jenna™ Cute Fur Sleeping Eye Shade Mask Cover for Insomnia, Meditation, Puffy Eyes and Dark Circles Bunny Multi",4.3 out of 5 stars,₹251.00
Frackson 30 pcs Better Breath Nose Strip - Anti-snoring Nasal Strips makes Easier to Breathe Right (Medium),4.2 out of 5 stars,₹475.00
"Snoring Solution, Anti Snoring Devices, Snoring Solution for a Better Night’s Sleep, Silicone Magnetic snore stopper, Effective to Stop Snoring, Quieter Restful Sleep 2PCS",3.8 out of 5 stars,₹85.00
"Loop Quiet Ear Plugs for Noise Reduction – Super Soft, Reusable Hearing Protection in Flexible Silicone for Sleep, Noise Sensitivity & Flights - 8 Ear Tips in XS/S/M/L – 26dB Noise Cancelling – Black",2.8 out of 5 stars,"₹2,400.00"
"MeeTo Soft Silicone Noise Reduction Ear Plugs for Sleeping, Meditation, Swimming Adult and Child Reusable For Travel – (5 Pair, Multicolor)",4.0 out of 5 stars,₹149.00
HONEYWELL BILSOM 303L large ear plugs NPR29 SNR 33- (10 pair pack),3.4 out of 5 stars,₹229.00
"Max Plus® | 50 Pcs | Nasal Strips | Anti-Snoring, Congestion Relief Nose Strip (Large - Medium Combo, 50)",4.7 out of 5 stars,₹649.00
Haibing Anti Snoring Sleep Strips Disposable Mouth Strips Tape Reduce Mouth Dryness Sore Throat Snoring Solution 90pcs,4.6 out of 5 stars,₹649.00
"Sichumaria 6 Pairs Foam Ear Plugs 32dB Soft Sleep Earplugs Hearing Protection Random Color Ear Plugs for Sleeping, Travel, Concerts, Shooting, Study, Work.",3.8 out of 5 stars,₹218.00
flying CLOUDS Soft Silicone Noise Reduction Ear Plugs for Sleeping; Meditation; Swimming Adult and Child; Combo Pack of 2 Pairs (4 Units); Reusable Earmuff (Blue),3.1 out of 5 stars,₹164.00
"AUGEN Ear Plugs for Sleeping, Noise Canceling, Reusable Silicone Earplugs for Hearing Protection, Waterproof EarPlugs Suitable for Sleeping Swimming Studying Traveling Concerts Airplanes (White A, M9)",3.5 out of 5 stars,₹349.00
"2 Pairs Swimming Earplugs, Waterproof Reusable Silicone Swimming Ear Plugs for Swimming Showering Bathing Surfing Snorkeling and Other Water Sports, Suitable for Kids and Adults (White and Blue)",3.5 out of 5 stars,₹291.00
